module,csv_path,recipe,file
.,./target/rewrite/datatables/2026-05-22_16-28-13-214/org.openrewrite.table.SourcesFileResults.csv,"A recipe may modify the source path. This is the path after the run. `null` when a source file was deleted during the run.","The source path of the file before the run. `null` when a source file was created during the run."
.,./target/rewrite/datatables/2026-05-22_16-28-13-214/org.openrewrite.table.SourcesFileResults.csv,"pom.xml","pom.xml"
.,./target/rewrite/datatables/2026-05-22_16-28-13-214/org.openrewrite.table.SourcesFileResults.csv,"pom.xml","pom.xml"
.,./target/rewrite/datatables/2026-05-22_16-28-13-214/org.openrewrite.table.SourcesFileResults.csv,"pom.xml","pom.xml"
.,./target/rewrite/datatables/2026-05-22_16-28-13-214/org.openrewrite.table.SourcesFileResults.csv,"pom.xml","pom.xml"
.,./target/rewrite/datatables/2026-05-22_16-28-13-214/org.openrewrite.table.SourcesFileResults.csv,"pom.xml","pom.xml"
.,./target/rewrite/datatables/2026-05-22_16-28-13-214/org.openrewrite.table.SourcesFileResults.csv,"pom.xml","pom.xml"
.,./target/rewrite/datatables/2026-05-22_16-28-13-214/org.openrewrite.table.SourcesFileResults.csv,"pom.xml","pom.xml"
.,./target/rewrite/datatables/2026-05-22_16-28-13-214/org.openrewrite.table.SourcesFileResults.csv,"pom.xml","pom.xml"
.,./target/rewrite/datatables/2026-05-22_16-28-13-214/org.openrewrite.table.SourcesFileResults.csv,"pom.xml","pom.xml"
.,./target/rewrite/datatables/2026-05-22_16-28-13-214/org.openrewrite.table.SourcesFileResults.csv,"pom.xml","pom.xml"
.,./target/rewrite/datatables/2026-05-22_16-28-13-214/org.openrewrite.table.SourcesFileResults.csv,"pom.xml","pom.xml"
.,./target/rewrite/datatables/2026-05-22_16-28-13-214/org.openrewrite.table.SourcesFileResults.csv,"pom.xml","pom.xml"
.,./target/rewrite/datatables/2026-05-22_16-28-13-214/org.openrewrite.table.SourcesFileResults.csv,"pom.xml","pom.xml"
.,./target/rewrite/datatables/2026-05-22_16-28-13-214/org.openrewrite.table.SourcesFileResults.csv,"pom.xml","pom.xml"
.,./target/rewrite/datatables/2026-05-22_16-28-13-214/org.openrewrite.table.SourcesFileResults.csv,"pom.xml","pom.xml"
.,./target/rewrite/datatables/2026-05-22_16-28-13-214/org.openrewrite.table.SourcesFileResults.csv,"pom.xml","pom.xml"
.,./target/rewrite/datatables/2026-05-22_16-28-13-214/org.openrewrite.table.SourcesFileResults.csv,"pom.xml","pom.xml"
.,./target/rewrite/datatables/2026-05-22_16-28-13-214/org.openrewrite.table.SourcesFileResults.csv,"pom.xml","pom.xml"
.,./target/rewrite/datatables/2026-05-22_16-28-13-214/org.openrewrite.table.SourcesFileResults.csv,"pom.xml","pom.xml"
.,./target/rewrite/datatables/2026-05-22_16-28-13-214/org.openrewrite.table.SourcesFileResults.csv,"pom.xml","pom.xml"
.,./target/rewrite/datatables/2026-05-22_16-28-13-214/org.openrewrite.table.SourcesFileResults.csv,"pom.xml","pom.xml"
.,./target/rewrite/datatables/2026-05-22_16-28-13-214/org.openrewrite.table.SourcesFileResults.csv,"pom.xml","pom.xml"
.,./target/rewrite/datatables/2026-05-22_16-28-13-214/org.openrewrite.table.SourcesFileResults.csv,"pom.xml","pom.xml"
.,./target/rewrite/datatables/2026-05-22_16-28-13-214/org.openrewrite.table.SourcesFileResults.csv,"pom.xml","pom.xml"
.,./target/rewrite/datatables/2026-05-22_16-28-13-214/org.openrewrite.table.SourcesFileResults.csv,"pom.xml","pom.xml"
.,./target/rewrite/datatables/2026-05-22_16-28-13-214/org.openrewrite.table.SourcesFileResults.csv,"pom.xml","pom.xml"
.,./target/rewrite/datatables/2026-05-22_16-28-13-214/org.openrewrite.table.SourcesFileResults.csv,"pom.xml","pom.xml"
.,./target/rewrite/datatables/2026-05-22_16-28-13-214/org.openrewrite.table.SourcesFileResults.csv,"pom.xml","pom.xml"
.,./target/rewrite/datatables/2026-05-22_16-28-13-214/org.openrewrite.table.SourcesFileResults.csv,"pom.xml","pom.xml"
.,./target/rewrite/datatables/2026-05-22_16-28-13-214/org.openrewrite.table.SourcesFileResults.csv,"pom.xml","pom.xml"
.,./target/rewrite/datatables/2026-05-22_16-28-13-214/org.openrewrite.table.SourcesFileResults.csv,"pom.xml","pom.xml"
.,./target/rewrite/datatables/2026-05-22_16-28-13-214/org.openrewrite.table.SourcesFileResults.csv,"pom.xml","pom.xml"
.,./target/rewrite/datatables/2026-05-22_16-28-13-214/org.openrewrite.table.SourcesFileResults.csv,"pom.xml","pom.xml"
.,./target/rewrite/datatables/2026-05-22_16-28-13-214/org.openrewrite.table.SourcesFileResults.csv,"pom.xml","pom.xml"
.,./target/rewrite/datatables/2026-05-22_16-28-13-214/org.openrewrite.table.SourcesFileResults.csv,"pom.xml","pom.xml"
.,./target/rewrite/datatables/2026-05-22_16-28-13-214/org.openrewrite.table.SourcesFileResults.csv,"pom.xml","pom.xml"
.,./target/rewrite/datatables/2026-05-22_16-28-13-214/org.openrewrite.table.SourcesFileResults.csv,"pom.xml","pom.xml"
.,./target/rewrite/datatables/2026-05-22_16-28-13-214/org.openrewrite.table.SourcesFileResults.csv,"pom.xml","pom.xml"
.,./target/rewrite/datatables/2026-05-22_16-28-13-214/org.openrewrite.table.SourcesFileResults.csv,"pom.xml","pom.xml"
.,./target/rewrite/datatables/2026-05-22_16-28-13-214/org.openrewrite.table.SourcesFileResults.csv,"pom.xml","pom.xml"
.,./target/rewrite/datatables/2026-05-22_16-28-13-214/org.openrewrite.table.SourcesFileResults.csv,"pom.xml","pom.xml"
.,./target/rewrite/datatables/2026-05-22_16-28-13-214/org.openrewrite.table.SourcesFileResults.csv,"pom.xml","pom.xml"
.,./target/rewrite/datatables/2026-05-22_16-28-13-214/org.openrewrite.table.SourcesFileResults.csv,"pom.xml","pom.xml"
.,./target/rewrite/datatables/2026-05-22_16-28-13-214/org.openrewrite.table.SourcesFileResults.csv,"pom.xml","pom.xml"
.,./target/rewrite/datatables/2026-05-22_16-28-13-214/org.openrewrite.table.SourcesFileResults.csv,"pom.xml","pom.xml"
.,./target/rewrite/datatables/2026-05-22_16-28-13-214/org.openrewrite.table.SourcesFileResults.csv,"pom.xml","pom.xml"
.,./target/rewrite/datatables/2026-05-22_16-28-13-214/org.openrewrite.table.SourcesFileResults.csv,"pom.xml","pom.xml"
.,./target/rewrite/datatables/2026-05-22_16-28-13-214/org.openrewrite.table.SourcesFileResults.csv,"pom.xml","pom.xml"
.,./target/rewrite/datatables/2026-05-22_16-28-13-214/org.openrewrite.table.SourcesFileResults.csv,"pom.xml","pom.xml"
.,./target/rewrite/datatables/2026-05-22_16-28-13-214/org.openrewrite.table.SourcesFileResults.csv,"pom.xml","pom.xml"
.,./target/rewrite/datatables/2026-05-22_16-28-13-214/org.openrewrite.table.SourcesFileResults.csv,"pom.xml","pom.xml"
.,./target/rewrite/datatables/2026-05-22_16-28-13-214/org.openrewrite.table.SourcesFileResults.csv,"pom.xml","pom.xml"
.,./target/rewrite/datatables/2026-05-22_16-28-13-214/org.openrewrite.table.SourcesFileResults.csv,"pom.xml","pom.xml"
.,./target/rewrite/datatables/2026-05-22_16-28-13-214/org.openrewrite.table.SourcesFileResults.csv,"pom.xml","pom.xml"
.,./target/rewrite/datatables/2026-05-22_16-28-13-214/org.openrewrite.table.SourcesFileResults.csv,"pom.xml","pom.xml"
.,./target/rewrite/datatables/2026-05-22_16-28-13-214/org.openrewrite.table.SourcesFileResults.csv,"pom.xml","pom.xml"
.,./target/rewrite/datatables/2026-05-22_16-28-13-214/org.openrewrite.table.SourcesFileResults.csv,"pom.xml","pom.xml"
.,./target/rewrite/datatables/2026-05-22_16-28-13-214/org.openrewrite.table.SourcesFileResults.csv,"pom.xml","pom.xml"
.,./target/rewrite/datatables/2026-05-22_16-28-13-214/org.openrewrite.table.SourcesFileResults.csv,"pom.xml","pom.xml"
.,./target/rewrite/datatables/2026-05-22_16-28-13-214/org.openrewrite.table.SourcesFileResults.csv,"pom.xml","pom.xml"
.,./target/rewrite/datatables/2026-05-22_16-28-13-214/org.openrewrite.table.SourcesFileResults.csv,"pom.xml","pom.xml"
.,./target/rewrite/datatables/2026-05-22_16-28-13-214/org.openrewrite.table.SourcesFileResults.csv,"pom.xml","pom.xml"
.,./target/rewrite/datatables/2026-05-22_16-28-13-214/org.openrewrite.table.SourcesFileResults.csv,"pom.xml","pom.xml"
.,./target/rewrite/datatables/2026-05-22_16-28-13-214/org.openrewrite.table.SourcesFileResults.csv,"pom.xml","pom.xml"
.,./target/rewrite/datatables/2026-05-22_16-28-13-214/org.openrewrite.table.SourcesFileResults.csv,"pom.xml","pom.xml"
.,./target/rewrite/datatables/2026-05-22_16-28-13-214/org.openrewrite.table.SourcesFileResults.csv,"pom.xml","pom.xml"
.,./target/rewrite/datatables/2026-05-22_16-28-13-214/org.openrewrite.table.SourcesFileResults.csv,"pom.xml","pom.xml"
.,./target/rewrite/datatables/2026-05-22_16-28-13-214/org.openrewrite.table.SourcesFileResults.csv,"pom.xml","pom.xml"
.,./target/rewrite/datatables/2026-05-22_16-28-13-214/org.openrewrite.table.SourcesFileResults.csv,"pom.xml","pom.xml"
.,./target/rewrite/datatables/2026-05-22_16-28-13-214/org.openrewrite.table.SourcesFileResults.csv,"pom.xml","pom.xml"
.,./target/rewrite/datatables/2026-05-22_16-28-13-214/org.openrewrite.table.SourcesFileResults.csv,"pom.xml","pom.xml"
.,./target/rewrite/datatables/2026-05-22_16-28-13-214/org.openrewrite.table.SourcesFileResults.csv,"pom.xml","pom.xml"
.,./target/rewrite/datatables/2026-05-22_16-28-13-214/org.openrewrite.table.SourcesFileResults.csv,"pom.xml","pom.xml"
.,./target/rewrite/datatables/2026-05-22_16-28-13-214/org.openrewrite.table.SourcesFileResults.csv,"pom.xml","pom.xml"
.,./target/rewrite/datatables/2026-05-22_16-28-13-214/org.openrewrite.table.SourcesFileResults.csv,"pom.xml","pom.xml"
.,./target/rewrite/datatables/2026-05-22_16-28-13-214/org.openrewrite.table.SourcesFileResults.csv,"pom.xml","pom.xml"
.,./target/rewrite/datatables/2026-05-22_16-28-13-214/org.openrewrite.table.SourcesFileResults.csv,"pom.xml","pom.xml"
.,./target/rewrite/datatables/2026-05-22_16-28-13-214/org.openrewrite.table.SourcesFileResults.csv,"pom.xml","pom.xml"
.,./target/rewrite/datatables/2026-05-22_16-28-13-214/org.openrewrite.table.SourcesFileResults.csv,"pom.xml","pom.xml"
.,./target/rewrite/datatables/2026-05-22_16-28-13-214/org.openrewrite.table.SourcesFileResults.csv,"pom.xml","pom.xml"
.,./target/rewrite/datatables/2026-05-22_16-28-13-214/org.openrewrite.table.SourcesFileResults.csv,"pom.xml","pom.xml"
.,./target/rewrite/datatables/2026-05-22_16-28-13-214/org.openrewrite.table.SourcesFileResults.csv,"pom.xml","pom.xml"
.,./target/rewrite/datatables/2026-05-22_16-28-13-214/org.openrewrite.table.SourcesFileResults.csv,"pom.xml","pom.xml"
.,./target/rewrite/datatables/2026-05-22_16-28-13-214/org.openrewrite.table.SourcesFileResults.csv,"pom.xml","pom.xml"
.,./target/rewrite/datatables/2026-05-22_16-28-13-214/org.openrewrite.table.SourcesFileResults.csv,"pom.xml","pom.xml"
.,./target/rewrite/datatables/2026-05-22_16-28-13-214/org.openrewrite.table.SourcesFileResults.csv,"pom.xml","pom.xml"
.,./target/rewrite/datatables/2026-05-22_16-28-13-214/org.openrewrite.table.SourcesFileResults.csv,"pom.xml","pom.xml"
.,./target/rewrite/datatables/2026-05-22_16-28-13-214/org.openrewrite.table.SourcesFileResults.csv,"pom.xml","pom.xml"
.,./target/rewrite/datatables/2026-05-22_16-28-13-214/org.openrewrite.table.SourcesFileResults.csv,"pom.xml","pom.xml"
.,./target/rewrite/datatables/2026-05-22_16-28-13-214/org.openrewrite.table.SourcesFileResults.csv,"pom.xml","pom.xml"
.,./target/rewrite/datatables/2026-05-22_16-28-13-214/org.openrewrite.table.SourcesFileResults.csv,"pom.xml","pom.xml"
.,./target/rewrite/datatables/2026-05-22_16-28-13-214/org.openrewrite.table.SourcesFileResults.csv,"pom.xml","pom.xml"
.,./target/rewrite/datatables/2026-05-22_16-28-13-214/org.openrewrite.table.SourcesFileResults.csv,"pom.xml","pom.xml"
.,./target/rewrite/datatables/2026-05-22_16-28-13-214/org.openrewrite.table.SourcesFileResults.csv,"pom.xml","pom.xml"
.,./target/rewrite/datatables/2026-05-22_16-28-13-214/org.openrewrite.table.SourcesFileResults.csv,"pom.xml","pom.xml"
.,./target/rewrite/datatables/2026-05-22_16-28-13-214/org.openrewrite.table.SourcesFileResults.csv,"pom.xml","pom.xml"
.,./target/rewrite/datatables/2026-05-22_16-28-13-214/org.openrewrite.table.SourcesFileResults.csv,"pom.xml","pom.xml"
.,./target/rewrite/datatables/2026-05-22_16-28-13-214/org.openrewrite.table.SourcesFileResults.csv,"pom.xml","pom.xml"
.,./target/rewrite/datatables/2026-05-22_16-28-13-214/org.openrewrite.table.SourcesFileResults.csv,"pom.xml","pom.xml"
.,./target/rewrite/datatables/2026-05-22_16-28-13-214/org.openrewrite.table.SourcesFileResults.csv,"pom.xml","pom.xml"
.,./target/rewrite/datatables/2026-05-22_16-28-13-214/org.openrewrite.table.SourcesFileResults.csv,"pom.xml","pom.xml"
.,./target/rewrite/datatables/2026-05-22_16-28-13-214/org.openrewrite.table.SourcesFileResults.csv,"pom.xml","pom.xml"
.,./target/rewrite/datatables/2026-05-22_16-28-13-214/org.openrewrite.table.SourcesFileResults.csv,"pom.xml","pom.xml"
.,./target/rewrite/datatables/2026-05-22_16-28-13-214/org.openrewrite.table.SourcesFileResults.csv,"pom.xml","pom.xml"
.,./target/rewrite/datatables/2026-05-22_16-28-13-214/org.openrewrite.table.SourcesFileResults.csv,"pom.xml","pom.xml"
.,./target/rewrite/datatables/2026-05-22_16-28-13-214/org.openrewrite.table.SourcesFileResults.csv,"pom.xml","pom.xml"
.,./target/rewrite/datatables/2026-05-22_16-28-13-214/org.openrewrite.table.SourcesFileResults.csv,"pom.xml","pom.xml"
.,./target/rewrite/datatables/2026-05-22_16-28-13-214/org.openrewrite.table.SourcesFileResults.csv,"pom.xml","pom.xml"
.,./target/rewrite/datatables/2026-05-22_16-28-13-214/org.openrewrite.table.SourcesFileResults.csv,"pom.xml","pom.xml"
.,./target/rewrite/datatables/2026-05-22_16-28-13-214/org.openrewrite.table.SourcesFileResults.csv,"pom.xml","pom.xml"
.,./target/rewrite/datatables/2026-05-22_16-28-13-214/org.openrewrite.table.SourcesFileResults.csv,"pom.xml","pom.xml"
.,./target/rewrite/datatables/2026-05-22_16-28-13-214/org.openrewrite.table.SourcesFileResults.csv,"pom.xml","pom.xml"
.,./target/rewrite/datatables/2026-05-22_16-28-13-214/org.openrewrite.table.SourcesFileResults.csv,"pom.xml","pom.xml"
.,./target/rewrite/datatables/2026-05-22_16-28-13-214/org.openrewrite.table.SourcesFileResults.csv,"pom.xml","pom.xml"
.,./target/rewrite/datatables/2026-05-22_16-28-13-214/org.openrewrite.table.SourcesFileResults.csv,"pom.xml","pom.xml"
.,./target/rewrite/datatables/2026-05-22_16-28-13-214/org.openrewrite.table.SourcesFileResults.csv,"pom.xml","pom.xml"
.,./target/rewrite/datatables/2026-05-22_16-28-13-214/org.openrewrite.table.SourcesFileResults.csv,"pom.xml","pom.xml"
.,./target/rewrite/datatables/2026-05-22_16-28-13-214/org.openrewrite.table.SourcesFileResults.csv,"pom.xml","pom.xml"
.,./target/rewrite/datatables/2026-05-22_16-28-13-214/org.openrewrite.table.SourcesFileResults.csv,"pom.xml","pom.xml"
.,./target/rewrite/datatables/2026-05-22_16-28-13-214/org.openrewrite.table.SourcesFileResults.csv,"pom.xml","pom.xml"
.,./target/rewrite/datatables/2026-05-22_16-28-13-214/org.openrewrite.table.SourcesFileResults.csv,"pom.xml","pom.xml"
.,./target/rewrite/datatables/2026-05-22_16-28-13-214/org.openrewrite.table.SourcesFileResults.csv,"pom.xml","pom.xml"
.,./target/rewrite/datatables/2026-05-22_16-28-13-214/org.openrewrite.table.SourcesFileResults.csv,"pom.xml","pom.xml"
.,./target/rewrite/datatables/2026-05-22_16-28-13-214/org.openrewrite.table.SourcesFileResults.csv,"src/main/java/com/mvpjava/transactions/SatelliteUploaderService.java","src/main/java/com/mvpjava/transactions/SatelliteUploaderService.java"
.,./target/rewrite/datatables/2026-05-22_16-28-13-214/org.openrewrite.table.SourcesFileResults.csv,"src/main/java/com/mvpjava/transactions/SatelliteUploaderService.java","src/main/java/com/mvpjava/transactions/SatelliteUploaderService.java"
.,./target/rewrite/datatables/2026-05-22_16-28-13-214/org.openrewrite.table.SourcesFileResults.csv,"src/main/java/com/mvpjava/transactions/SatelliteUploaderService.java","src/main/java/com/mvpjava/transactions/SatelliteUploaderService.java"
.,./target/rewrite/datatables/2026-05-22_16-28-13-214/org.openrewrite.table.SourcesFileResults.csv,"src/main/java/com/mvpjava/transactions/SatelliteUploaderService.java","src/main/java/com/mvpjava/transactions/SatelliteUploaderService.java"
.,./target/rewrite/datatables/2026-05-22_16-28-13-214/org.openrewrite.table.SourcesFileResults.csv,"src/main/java/com/mvpjava/transactions/SatelliteUploaderService.java","src/main/java/com/mvpjava/transactions/SatelliteUploaderService.java"
.,./target/rewrite/datatables/2026-05-22_16-28-13-214/org.openrewrite.table.SourcesFileResults.csv,"src/main/java/com/mvpjava/transactions/SatelliteUploaderService.java","src/main/java/com/mvpjava/transactions/SatelliteUploaderService.java"
.,./target/rewrite/datatables/2026-05-22_16-28-13-214/org.openrewrite.table.SourcesFileResults.csv,"src/main/java/com/mvpjava/transactions/SatelliteUploaderService.java","src/main/java/com/mvpjava/transactions/SatelliteUploaderService.java"
.,./target/rewrite/datatables/2026-05-22_16-28-13-214/org.openrewrite.table.SourcesFileResults.csv,"src/main/java/com/mvpjava/transactions/SatelliteUploaderService.java","src/main/java/com/mvpjava/transactions/SatelliteUploaderService.java"
.,./target/rewrite/datatables/2026-05-22_16-28-13-214/org.openrewrite.table.SourcesFileResults.csv,"src/main/java/com/mvpjava/transactions/SatelliteUploaderService.java","src/main/java/com/mvpjava/transactions/SatelliteUploaderService.java"
.,./target/rewrite/datatables/2026-05-22_16-28-13-214/org.openrewrite.table.SourcesFileResults.csv,"src/main/java/com/mvpjava/transactions/SatelliteUploaderService.java","src/main/java/com/mvpjava/transactions/SatelliteUploaderService.java"
.,./target/rewrite/datatables/2026-05-22_16-28-13-214/org.openrewrite.table.SourcesFileResults.csv,"src/main/java/com/mvpjava/transactions/SatelliteUploaderService.java","src/main/java/com/mvpjava/transactions/SatelliteUploaderService.java"
.,./target/rewrite/datatables/2026-05-22_16-28-13-214/org.openrewrite.table.SourcesFileResults.csv,"src/main/java/com/mvpjava/transactions/SatelliteUploaderService.java","src/main/java/com/mvpjava/transactions/SatelliteUploaderService.java"
.,./target/rewrite/datatables/2026-05-22_16-28-13-214/org.openrewrite.table.SourcesFileResults.csv,"src/main/java/com/mvpjava/transactions/SatelliteUploaderService.java","src/main/java/com/mvpjava/transactions/SatelliteUploaderService.java"
.,./target/rewrite/datatables/2026-05-22_16-28-13-214/org.openrewrite.table.SourcesFileResults.csv,"src/main/java/com/mvpjava/transactions/SatelliteUploaderService.java","src/main/java/com/mvpjava/transactions/SatelliteUploaderService.java"
.,./target/rewrite/datatables/2026-05-22_16-28-13-214/org.openrewrite.table.SourcesFileResults.csv,"src/main/java/com/mvpjava/transactions/SatelliteUploaderService.java","src/main/java/com/mvpjava/transactions/SatelliteUploaderService.java"
.,./target/rewrite/datatables/2026-05-22_16-28-13-214/org.openrewrite.table.SourcesFileResults.csv,"src/main/java/com/mvpjava/transactions/UploaderService.java","src/main/java/com/mvpjava/transactions/UploaderService.java"
.,./target/rewrite/datatables/2026-05-22_16-28-13-214/org.openrewrite.table.SourcesFileResults.csv,"src/main/java/com/mvpjava/transactions/Main.java","src/main/java/com/mvpjava/transactions/Main.java"
.,./target/rewrite/datatables/2026-05-22_16-28-13-214/org.openrewrite.table.SourcesFileResults.csv,"src/main/java/com/mvpjava/transactions/TimedCommandsDao.java","src/main/java/com/mvpjava/transactions/TimedCommandsDao.java"
.,./target/rewrite/datatables/2026-05-22_16-28-13-214/org.openrewrite.table.SourcesFileResults.csv,"src/main/java/com/mvpjava/transactions/TimedCommandsDao.java","src/main/java/com/mvpjava/transactions/TimedCommandsDao.java"
.,./target/rewrite/datatables/2026-05-22_16-28-13-214/org.openrewrite.table.SourcesFileResults.csv,"src/main/java/com/mvpjava/transactions/TimedCommandsDao.java","src/main/java/com/mvpjava/transactions/TimedCommandsDao.java"
.,./target/rewrite/datatables/2026-05-22_16-28-13-214/org.openrewrite.table.SourcesFileResults.csv,"src/main/java/com/mvpjava/transactions/TimedCommandsDao.java","src/main/java/com/mvpjava/transactions/TimedCommandsDao.java"
.,./target/rewrite/datatables/2026-05-22_16-28-13-214/org.openrewrite.table.SourcesFileResults.csv,"src/main/java/com/mvpjava/transactions/TimedCommandsDao.java","src/main/java/com/mvpjava/transactions/TimedCommandsDao.java"
.,./target/rewrite/datatables/2026-05-22_16-28-13-214/org.openrewrite.table.SourcesFileResults.csv,"src/main/java/com/mvpjava/transactions/TimedCommandsDao.java","src/main/java/com/mvpjava/transactions/TimedCommandsDao.java"
.,./target/rewrite/datatables/2026-05-22_16-28-13-214/org.openrewrite.table.SourcesFileResults.csv,"src/main/java/com/mvpjava/transactions/TimedCommandsDao.java","src/main/java/com/mvpjava/transactions/TimedCommandsDao.java"
.,./target/rewrite/datatables/2026-05-22_16-28-13-214/org.openrewrite.table.SourcesFileResults.csv,"src/main/java/com/mvpjava/transactions/TimedCommandsDao.java","src/main/java/com/mvpjava/transactions/TimedCommandsDao.java"
.,./target/rewrite/datatables/2026-05-22_16-28-13-214/org.openrewrite.table.SourcesFileResults.csv,"src/main/java/com/mvpjava/transactions/TimedCommandsDao.java","src/main/java/com/mvpjava/transactions/TimedCommandsDao.java"
.,./target/rewrite/datatables/2026-05-22_16-28-13-214/org.openrewrite.table.SourcesFileResults.csv,"src/main/java/com/mvpjava/transactions/TimedCommandsDao.java","src/main/java/com/mvpjava/transactions/TimedCommandsDao.java"
.,./target/rewrite/datatables/2026-05-22_16-28-13-214/org.openrewrite.table.SourcesFileResults.csv,"src/main/java/com/mvpjava/transactions/TimedCommandsDao.java","src/main/java/com/mvpjava/transactions/TimedCommandsDao.java"
.,./target/rewrite/datatables/2026-05-22_16-28-13-214/org.openrewrite.table.SourcesFileResults.csv,"src/main/java/com/mvpjava/transactions/TimedCommandsDao.java","src/main/java/com/mvpjava/transactions/TimedCommandsDao.java"
.,./target/rewrite/datatables/2026-05-22_16-28-13-214/org.openrewrite.table.SourcesFileResults.csv,"src/main/java/com/mvpjava/transactions/TimedCommandsDao.java","src/main/java/com/mvpjava/transactions/TimedCommandsDao.java"
.,./target/rewrite/datatables/2026-05-22_16-28-13-214/org.openrewrite.table.SourcesFileResults.csv,"src/main/java/com/mvpjava/transactions/TimedCommandsDao.java","src/main/java/com/mvpjava/transactions/TimedCommandsDao.java"
.,./target/rewrite/datatables/2026-05-22_16-28-13-214/org.openrewrite.table.SourcesFileResults.csv,"src/main/java/com/mvpjava/transactions/TimedCommandsDao.java","src/main/java/com/mvpjava/transactions/TimedCommandsDao.java"
.,./target/rewrite/datatables/2026-05-22_16-28-13-214/org.openrewrite.table.SourcesFileResults.csv,"src/main/resources/application.properties","src/main/resources/application.properties"
.,./target/rewrite/datatables/2026-05-22_16-28-13-214/org.openrewrite.table.SourcesFileResults.csv,"src/main/resources/application.properties","src/main/resources/application.properties"
.,./target/rewrite/datatables/2026-05-22_16-28-13-214/org.openrewrite.table.SourcesFileResults.csv,"src/main/resources/application.properties","src/main/resources/application.properties"
.,./target/rewrite/datatables/2026-05-22_16-28-13-214/org.openrewrite.table.SourcesFileResults.csv,"src/main/resources/application.properties","src/main/resources/application.properties"
.,./target/rewrite/datatables/2026-05-22_16-28-13-214/org.openrewrite.table.SourcesFileResults.csv,"src/main/resources/application.properties","src/main/resources/application.properties"
.,./target/rewrite/datatables/2026-05-22_16-28-13-214/org.openrewrite.table.SourcesFileResults.csv,"src/main/resources/application.properties","src/main/resources/application.properties"
.,./target/rewrite/datatables/2026-05-22_16-28-13-214/org.openrewrite.table.SourcesFileResults.csv,"src/main/resources/application.properties","src/main/resources/application.properties"
.,./target/rewrite/datatables/2026-05-22_16-28-13-214/org.openrewrite.table.SourcesFileResults.csv,"src/main/resources/application.properties","src/main/resources/application.properties"
.,./target/rewrite/datatables/2026-05-22_16-28-13-214/org.openrewrite.table.SourcesFileResults.csv,"src/main/resources/application.properties","src/main/resources/application.properties"
